rank,skill_name,owner_repo,installs,page_url,category
,ui-taste,site/uizze.sh,,https://skills.sh/site/uizze.sh/ui-taste,hot
,react-doctor,millionco/react-doctor,,https://skills.sh/millionco/react-doctor/react-doctor,hot
,project-architecture,c3sc0-v4113/scaffold,,https://skills.sh/c3sc0-v4113/scaffold/project-architecture,hot
,architecture-decision-records,wshobson/agents,,https://skills.sh/wshobson/agents/architecture-decision-records,hot
,vision,kotot/vision,,https://skills.sh/kotot/vision/vision,hot
,byted-web-search,kotot/byted-web-search,,https://skills.sh/kotot/byted-web-search/byted-web-search,hot
,higgsfield-youtube-thumbnail,higgsfield-ai/skills,,https://skills.sh/higgsfield-ai/skills/higgsfield-youtube-thumbnail,hot
,byted-ark-seedream-skill,kotot/byted-ark-seedream-skill,,https://skills.sh/kotot/byted-ark-seedream-skill/byted-ark-seedream-skill,hot
,ios-design,site/uizze.sh,,https://skills.sh/site/uizze.sh/ios-design,hot
,higgsfield-generate,higgsfield-ai/skills,,https://skills.sh/higgsfield-ai/skills/higgsfield-generate,hot
,higgsfield-websites,higgsfield-ai/skills,,https://skills.sh/higgsfield-ai/skills/higgsfield-websites,hot
,typescript-advanced-types,wshobson/agents,,https://skills.sh/wshobson/agents/typescript-advanced-types,hot
,next-cache-components-adoption,vercel/next.js,,https://skills.sh/vercel/next.js/next-cache-components-adoption,hot
,next-cache-components-optimizer,vercel/next.js,,https://skills.sh/vercel/next.js/next-cache-components-optimizer,hot
,vitest,pproenca/dot-skills,,https://skills.sh/pproenca/dot-skills/vitest,hot
,insforge-integrations,insforge/insforge-skills,,https://skills.sh/insforge/insforge-skills/insforge-integrations,hot
,next-dev-loop,vercel/next.js,,https://skills.sh/vercel/next.js/next-dev-loop,hot
,caveman-commit,juliusbrussee/caveman,,https://skills.sh/juliusbrussee/caveman/caveman-commit,hot
,astro,astrolicious/agent-skills,,https://skills.sh/astrolicious/agent-skills/astro,hot
,caveman-review,juliusbrussee/caveman,,https://skills.sh/juliusbrussee/caveman/caveman-review,hot
,caveman-stats,juliusbrussee/caveman,,https://skills.sh/juliusbrussee/caveman/caveman-stats,hot
,momentic-spec,momentic-ai/skills,,https://skills.sh/momentic-ai/skills/momentic-spec,hot
,megacave,juliusbrussee/caveman,,https://skills.sh/juliusbrussee/caveman/megacave,hot
,p-video-avatar,magentosh/superpowers,,https://skills.sh/magentosh/superpowers/p-video-avatar,hot
,video-extend,prime-skills/runcomfy-agent-skills,,https://skills.sh/prime-skills/runcomfy-agent-skills/video-extend,hot
,bmad-build-auto,bmad-code-org/bmad-method,,https://skills.sh/bmad-code-org/bmad-method/bmad-build-auto,hot
,bmad-prd,bmad-code-org/bmad-method,,https://skills.sh/bmad-code-org/bmad-method/bmad-prd,hot
,nano-banana-2,prime-skills/runcomfy-agent-skills,,https://skills.sh/prime-skills/runcomfy-agent-skills/nano-banana-2,hot
,show-me,humanlayer/skills,,https://skills.sh/humanlayer/skills/show-me,hot
,hairline-create,lucasmarkes/hairline,,https://skills.sh/lucasmarkes/hairline/hairline-create,hot
,gws-drive,googleworkspace/cli,,https://skills.sh/googleworkspace/cli/gws-drive,hot
,motion-framer,freshtechbro/claudedesignskills,,https://skills.sh/freshtechbro/claudedesignskills/motion-framer,hot
,okf-knowledge-base,inkeep/open-knowledge-skills,,https://skills.sh/inkeep/open-knowledge-skills/okf-knowledge-base,hot
,create-design-md,ibelick/ui-skills,,https://skills.sh/ibelick/ui-skills/create-design-md,hot
,improve-ui,ibelick/ui-skills,,https://skills.sh/ibelick/ui-skills/improve-ui,hot
,caveman-explore,juliusbrussee/caveman,,https://skills.sh/juliusbrussee/caveman/caveman-explore,hot
,surgical-patch,juliusbrussee/caveman,,https://skills.sh/juliusbrussee/caveman/surgical-patch,hot
,image-to-video,prime-skills/runcomfy-agent-skills,,https://skills.sh/prime-skills/runcomfy-agent-skills/image-to-video,hot
,image-inpainting,prime-skills/runcomfy-agent-skills,,https://skills.sh/prime-skills/runcomfy-agent-skills/image-inpainting,hot
,gpt-image-2,prime-skills/runcomfy-agent-skills,,https://skills.sh/prime-skills/runcomfy-agent-skills/gpt-image-2,hot
,bmad-spec,bmad-code-org/bmad-method,,https://skills.sh/bmad-code-org/bmad-method/bmad-spec,hot
,image-edit,prime-skills/runcomfy-agent-skills,,https://skills.sh/prime-skills/runcomfy-agent-skills/image-edit,hot
,bmad-correct-course,bmad-code-org/bmad-method,,https://skills.sh/bmad-code-org/bmad-method/bmad-correct-course,hot
,bmad-review,bmad-code-org/bmad-method,,https://skills.sh/bmad-code-org/bmad-method/bmad-review,hot
,transitions-dev,jakubantalik/transitions.dev,,https://skills.sh/jakubantalik/transitions.dev/transitions-dev,hot
,no-ai-slop,petergyang/no-ai-slop,,https://skills.sh/petergyang/no-ai-slop/no-ai-slop,hot
,open-knowledge-discovery,inkeep/open-knowledge-skills,,https://skills.sh/inkeep/open-knowledge-skills/open-knowledge-discovery,hot
,improve,shadcn/improve,,https://skills.sh/shadcn/improve/improve,hot
,loki-label-analyzer,grafana/skills,,https://skills.sh/grafana/skills/loki-label-analyzer,hot
,gws-gmail,googleworkspace/cli,,https://skills.sh/googleworkspace/cli/gws-gmail,hot
,fixing-metadata,ibelick/ui-skills,,https://skills.sh/ibelick/ui-skills/fixing-metadata,hot
,ui-skills-root,ibelick/ui-skills,,https://skills.sh/ibelick/ui-skills/ui-skills-root,hot
,turso-cloud,tursodatabase/agent-skills,,https://skills.sh/tursodatabase/agent-skills/turso-cloud,hot
,motion-graphics,heygen-com/hyperframes,,https://skills.sh/heygen-com/hyperframes/motion-graphics,hot
,migration,juliusbrussee/caveman,,https://skills.sh/juliusbrussee/caveman/migration,hot
,caveman-setup,juliusbrussee/caveman,,https://skills.sh/juliusbrussee/caveman/caveman-setup,hot
,verification-before-completion,obra/superpowers,,https://skills.sh/obra/superpowers/verification-before-completion,hot
,ponytail-gain,dietrichgebert/ponytail,,https://skills.sh/dietrichgebert/ponytail/ponytail-gain,hot
,ai-image-generation,prime-skills/runcomfy-agent-skills,,https://skills.sh/prime-skills/runcomfy-agent-skills/ai-image-generation,hot
,bmad-code-review,bmad-code-org/bmad-method,,https://skills.sh/bmad-code-org/bmad-method/bmad-code-review,hot
,upgrade-stripe,stripe/ai,,https://skills.sh/stripe/ai/upgrade-stripe,hot
,baseline-ui,ibelick/ui-skills,,https://skills.sh/ibelick/ui-skills/baseline-ui,hot
,fixing-motion-performance,ibelick/ui-skills,,https://skills.sh/ibelick/ui-skills/fixing-motion-performance,hot
,loki,grafana/skills,,https://skills.sh/grafana/skills/loki,hot
,website-to-hyperframes,heygen-com/hyperframes,,https://skills.sh/heygen-com/hyperframes/website-to-hyperframes,hot
,hwp,nomadamas/k-skill,,https://skills.sh/nomadamas/k-skill/hwp,hot
,saju-fortune,nomadamas/k-skill,,https://skills.sh/nomadamas/k-skill/saju-fortune,hot
,promql,grafana/skills,,https://skills.sh/grafana/skills/promql,hot
,vitest,antfu/skills,,https://skills.sh/antfu/skills/vitest,hot
,dashboarding,grafana/skills,,https://skills.sh/grafana/skills/dashboarding,hot
,mastering-aws-cli,spillwavesolutions/mastering-aws-cli,,https://skills.sh/spillwavesolutions/mastering-aws-cli/mastering-aws-cli,hot
,gh-cli,logicrw/gh-cli-skill,,https://skills.sh/logicrw/gh-cli-skill/gh-cli,hot
,gpui-kit,longbridge/gpui-kit,,https://skills.sh/longbridge/gpui-kit/gpui-kit,hot
,gws-people,googleworkspace/cli,,https://skills.sh/googleworkspace/cli/gws-people,hot
,fixing-accessibility,ibelick/ui-skills,,https://skills.sh/ibelick/ui-skills/fixing-accessibility,hot
,slack-search,slackapi/slack-skills-plugin,,https://skills.sh/slackapi/slack-skills-plugin/slack-search,hot
,gws-calendar,googleworkspace/cli,,https://skills.sh/googleworkspace/cli/gws-calendar,hot
,design-doc-mermaid,spillwavesolutions/design-doc-mermaid,,https://skills.sh/spillwavesolutions/design-doc-mermaid/design-doc-mermaid,hot
,slack-docs,slackapi/slack-skills-plugin,,https://skills.sh/slackapi/slack-skills-plugin/slack-docs,hot
,slack-messaging,slackapi/slack-skills-plugin,,https://skills.sh/slackapi/slack-skills-plugin/slack-messaging,hot
,nx-workspace,nrwl/nx-ai-agents-config,,https://skills.sh/nrwl/nx-ai-agents-config/nx-workspace,hot
,slack-api,slackapi/slack-skills-plugin,,https://skills.sh/slackapi/slack-skills-plugin/slack-api,hot
,gws-drive-upload,googleworkspace/cli,,https://skills.sh/googleworkspace/cli/gws-drive-upload,hot
,reverse-skill-router,zhaoxuya520/reverse-skill,,https://skills.sh/zhaoxuya520/reverse-skill/reverse-skill-router,hot
,short-drama-novel-analyze,zenstory-ai/drama-skills,,https://skills.sh/zenstory-ai/drama-skills/short-drama-novel-analyze,hot
,analyze-logs,site/evlog.dev,,https://skills.sh/site/evlog.dev/analyze-logs,hot
,short-drama-edit,zenstory-ai/drama-skills,,https://skills.sh/zenstory-ai/drama-skills/short-drama-edit,hot
,short-drama-image-prompts,zenstory-ai/drama-skills,,https://skills.sh/zenstory-ai/drama-skills/short-drama-image-prompts,hot
,plannotator-compound,backnotprop/plannotator,,https://skills.sh/backnotprop/plannotator/plannotator-compound,hot
,plannotator-setup-goal,backnotprop/plannotator,,https://skills.sh/backnotprop/plannotator/plannotator-setup-goal,hot
,chrome-devtools,chromedevtools/chrome-devtools-mcp,,https://skills.sh/chromedevtools/chrome-devtools-mcp/chrome-devtools,hot
,short-drama-assets,zenstory-ai/drama-skills,,https://skills.sh/zenstory-ai/drama-skills/short-drama-assets,hot
,plannotator-visual-explainer,backnotprop/plannotator,,https://skills.sh/backnotprop/plannotator/plannotator-visual-explainer,hot
,short-drama-review,zenstory-ai/drama-skills,,https://skills.sh/zenstory-ai/drama-skills/short-drama-review,hot
,open-knowledge-write-skill,inkeep/open-knowledge-skills,,https://skills.sh/inkeep/open-knowledge-skills/open-knowledge-write-skill,hot
,short-drama-video-prompts,zenstory-ai/drama-skills,,https://skills.sh/zenstory-ai/drama-skills/short-drama-video-prompts,hot
,build-audit-logs,site/evlog.dev,,https://skills.sh/site/evlog.dev/build-audit-logs,hot
,short-drama-storyboard,zenstory-ai/drama-skills,,https://skills.sh/zenstory-ai/drama-skills/short-drama-storyboard,hot
,short-drama-produce,zenstory-ai/drama-skills,,https://skills.sh/zenstory-ai/drama-skills/short-drama-produce,hot
,cloudbase,tencentcloudbase/cloudbase-skills,,https://skills.sh/tencentcloudbase/cloudbase-skills/cloudbase,hot
,swiftui-performance-audit,dimillian/skills,,https://skills.sh/dimillian/skills/swiftui-performance-audit,hot
,short-drama,zenstory-ai/drama-skills,,https://skills.sh/zenstory-ai/drama-skills/short-drama,hot
,review-logging-patterns,site/evlog.dev,,https://skills.sh/site/evlog.dev/review-logging-patterns,hot
,short-drama-develop,zenstory-ai/drama-skills,,https://skills.sh/zenstory-ai/drama-skills/short-drama-develop,hot
,short-drama-write,zenstory-ai/drama-skills,,https://skills.sh/zenstory-ai/drama-skills/short-drama-write,hot
,gh-axi,kunchenguid/gh-axi,,https://skills.sh/kunchenguid/gh-axi/gh-axi,hot
,blender-modeling,roble3/cc-blender-skill,,https://skills.sh/roble3/cc-blender-skill/blender-modeling,hot
,qiaomu-codex-imagegen,joeseesun/qiaomu-codex-imagegen,,https://skills.sh/joeseesun/qiaomu-codex-imagegen/qiaomu-codex-imagegen,hot
,swiftui-liquid-glass,dimillian/skills,,https://skills.sh/dimillian/skills/swiftui-liquid-glass,hot
,caveman-learn,juliusbrussee/caveman,,https://skills.sh/juliusbrussee/caveman/caveman-learn,hot
,bmod-core-tools,bmad-code-org/bmad-method,,https://skills.sh/bmad-code-org/bmad-method/bmod-core-tools,hot
,api-idempotency-retry,samber/developer-platform-skills,,https://skills.sh/samber/developer-platform-skills/api-idempotency-retry,hot
,bmad-architecture,bmad-code-org/bmad-method,,https://skills.sh/bmad-code-org/bmad-method/bmad-architecture,hot
,i-have-adhd,ayghri/i-have-adhd,,https://skills.sh/ayghri/i-have-adhd/i-have-adhd,hot
,bmad-ux,bmad-code-org/bmad-method,,https://skills.sh/bmad-code-org/bmad-method/bmad-ux,hot
,make-interfaces-feel-better,jakubkrehel/make-interfaces-feel-better,,https://skills.sh/jakubkrehel/make-interfaces-feel-better/make-interfaces-feel-better,hot
,bmad-brainstorming,bmad-code-org/bmad-method,,https://skills.sh/bmad-code-org/bmad-method/bmad-brainstorming,hot
,bmad-advanced-elicitation,bmad-code-org/bmad-method,,https://skills.sh/bmad-code-org/bmad-method/bmad-advanced-elicitation,hot
,bmad-party-mode,bmad-code-org/bmad-method,,https://skills.sh/bmad-code-org/bmad-method/bmad-party-mode,hot
,stripe-docs,site/docs.stripe.com,,https://skills.sh/site/docs.stripe.com/stripe-docs,hot
,layer-textures,layerai/skills,,https://skills.sh/layerai/skills/layer-textures,hot
,agently-mail,site/agent.qq.com,,https://skills.sh/site/agent.qq.com/agently-mail,hot
,layer,layerai/skills,,https://skills.sh/layerai/skills/layer,hot
,layer-pixel-art,layerai/skills,,https://skills.sh/layerai/skills/layer-pixel-art,hot
,layer-3d,layerai/skills,,https://skills.sh/layerai/skills/layer-3d,hot
,korean-character-count,nomadamas/k-skill,,https://skills.sh/nomadamas/k-skill/korean-character-count,hot
,ui-ux,evondev/evondevkit,,https://skills.sh/evondev/evondevkit/ui-ux,hot
,olive-young-search,nomadamas/k-skill,,https://skills.sh/nomadamas/k-skill/olive-young-search,hot
,firecrawl,firecrawl/skills,,https://skills.sh/firecrawl/skills/firecrawl,hot
,k-skill-cleaner,nomadamas/k-skill,,https://skills.sh/nomadamas/k-skill/k-skill-cleaner,hot
,oversized-cursor,heygen-com/hyperframes,,https://skills.sh/heygen-com/hyperframes/oversized-cursor,hot
,mfds-drug-safety,nomadamas/k-skill,,https://skills.sh/nomadamas/k-skill/mfds-drug-safety,hot
,fastify-best-practices,mcollina/skills,,https://skills.sh/mcollina/skills/fastify-best-practices,hot
,daangn-used-goods-search,nomadamas/k-skill,,https://skills.sh/nomadamas/k-skill/daangn-used-goods-search,hot
,national-pension-workplace,nomadamas/k-skill,,https://skills.sh/nomadamas/k-skill/national-pension-workplace,hot
,changelog-video,heygen-com/hyperframes,,https://skills.sh/heygen-com/hyperframes/changelog-video,hot
,flight-ticket-search,nomadamas/k-skill,,https://skills.sh/nomadamas/k-skill/flight-ticket-search,hot
,captions-overlay,heygen-com/hyperframes,,https://skills.sh/heygen-com/hyperframes/captions-overlay,hot
,kr-whois-lookup,nomadamas/k-skill,,https://skills.sh/nomadamas/k-skill/kr-whois-lookup,hot
,gsap,heygen-com/hyperframes,,https://skills.sh/heygen-com/hyperframes/gsap,hot
,seoul-weather-risk,nomadamas/k-skill,,https://skills.sh/nomadamas/k-skill/seoul-weather-risk,hot
,cut-the-curve,heygen-com/hyperframes,,https://skills.sh/heygen-com/hyperframes/cut-the-curve,hot
,kakaotalk-mac,nomadamas/k-skill,,https://skills.sh/nomadamas/k-skill/kakaotalk-mac,hot
,motion-doctrine,heygen-com/hyperframes,,https://skills.sh/heygen-com/hyperframes/motion-doctrine,hot
,kleague-results,nomadamas/k-skill,,https://skills.sh/nomadamas/k-skill/kleague-results,hot
,wp-plugin-development,wordpress/agent-skills,,https://skills.sh/wordpress/agent-skills/wp-plugin-development,hot
,three,heygen-com/hyperframes,,https://skills.sh/heygen-com/hyperframes/three,hot
,install-anti-slop,dmmulroy/anti-slop,,https://skills.sh/dmmulroy/anti-slop/install-anti-slop,hot
,nature-paper2ppt,yuan1z0825/nature-skills,,https://skills.sh/yuan1z0825/nature-skills/nature-paper2ppt,hot
,audit,jsmastery-pro/skills,,https://skills.sh/jsmastery-pro/skills/audit,hot
,gke-inference,google/skills,,https://skills.sh/google/skills/gke-inference,hot
,debug,jsmastery-pro/skills,,https://skills.sh/jsmastery-pro/skills/debug,hot
,check,jsmastery-pro/skills,,https://skills.sh/jsmastery-pro/skills/check,hot
,taxonomy,amplitude/mcp-marketplace,,https://skills.sh/amplitude/mcp-marketplace/taxonomy,hot
,discover-event-surfaces,amplitude/mcp-marketplace,,https://skills.sh/amplitude/mcp-marketplace/discover-event-surfaces,hot
,gstack,garrytan/gstack,,https://skills.sh/garrytan/gstack/gstack,hot
,animejs,heygen-com/hyperframes,,https://skills.sh/heygen-com/hyperframes/animejs,hot
,deslop,cursor/plugins,,https://skills.sh/cursor/plugins/deslop,hot
,tailwind,heygen-com/hyperframes,,https://skills.sh/heygen-com/hyperframes/tailwind,hot
,appllama-app-design-skill,appllama/appllama-skills,,https://skills.sh/appllama/appllama-skills/appllama-app-design-skill,hot
,diff-intake,amplitude/mcp-marketplace,,https://skills.sh/amplitude/mcp-marketplace/diff-intake,hot
,discover-analytics-patterns,amplitude/mcp-marketplace,,https://skills.sh/amplitude/mcp-marketplace/discover-analytics-patterns,hot
,material-3,hamen/material-3-skill,,https://skills.sh/hamen/material-3-skill/material-3,hot
,backtesting-frameworks,wshobson/agents,,https://skills.sh/wshobson/agents/backtesting-frameworks,hot
,test,jsmastery-pro/skills,,https://skills.sh/jsmastery-pro/skills/test,hot
,sync,jsmastery-pro/skills,,https://skills.sh/jsmastery-pro/skills/sync,hot
,guizang-ppt-skill,op7418/guizang-ppt-skill,,https://skills.sh/op7418/guizang-ppt-skill/guizang-ppt-skill,hot
,add-analytics-instrumentation,amplitude/mcp-marketplace,,https://skills.sh/amplitude/mcp-marketplace/add-analytics-instrumentation,hot
,gws-sheets,googleworkspace/cli,,https://skills.sh/googleworkspace/cli/gws-sheets,hot
,scope,jsmastery-pro/skills,,https://skills.sh/jsmastery-pro/skills/scope,hot
,design-an-interface,mattpocock/skills,,https://skills.sh/mattpocock/skills/design-an-interface,hot
,waapi,heygen-com/hyperframes,,https://skills.sh/heygen-com/hyperframes/waapi,hot
,poteto-mode,cursor/plugins,,https://skills.sh/cursor/plugins/poteto-mode,hot
,develop,jsmastery-pro/skills,,https://skills.sh/jsmastery-pro/skills/develop,hot
,document,jsmastery-pro/skills,,https://skills.sh/jsmastery-pro/skills/document,hot
,langfuse,langfuse/skills,,https://skills.sh/langfuse/skills/langfuse,hot
,css-animations,heygen-com/hyperframes,,https://skills.sh/heygen-com/hyperframes/css-animations,hot
,lottie,heygen-com/hyperframes,,https://skills.sh/heygen-com/hyperframes/lottie,hot
,architect,jsmastery-pro/skills,,https://skills.sh/jsmastery-pro/skills/architect,hot
